Years_Experience,Education_Level,Age,Gender,City_Type,Hours_Worked,Job_Satisfaction,Department,Salary
6,1,41,0,0,20,3,3,42514775
19,1,40,0,2,30,2,0,59286382
28,3,40,1,1,54,3,1,92613319
14,5,33,0,0,48,3,0,69561591
10,2,58,1,1,56,5,0,61718168
7,4,38,0,1,36,4,1,57914557
28,2,58,1,0,58,5,3,97085978
20,5,49,0,2,47,2,0,90734223
6,1,56,0,1,48,2,0,48364100
25,1,39,1,0,22,5,0,75901817
18,5,35,0,1,29,4,3,87323145
22,1,56,0,2,33,5,0,73416300
10,1,28,0,2,31,2,2,46451801
10,1,34,0,2,49,4,1,48271061
23,4,39,0,0,51,2,2,85897259
20,4,58,0,0,51,4,3,88733407
3,3,34,0,2,51,4,0,41474842
7,2,57,1,0,45,5,1,56406208
23,5,52,1,2,20,5,0,86655860
2,5,23,0,0,21,5,3,51591709
21,5,37,0,2,36,4,1,90857350
20,3,30,0,1,49,4,2,79303784
1,4,30,1,2,58,2,1,50187367
23,3,59,1,2,26,3,0,80432090
11,5,32,0,0,46,5,1,75395499
29,2,43,1,0,28,2,3,84230901
5,1,54,0,0,41,2,3,46490769
1,4,57,0,0,53,1,1,48746511
27,4,44,0,0,20,5,3,92662634
20,3,55,0,0,28,2,3,77670925
0,4,30,1,1,39,1,3,41443508
11,5,45,1,2,38,5,2,70735489
25,5,29,0,2,55,4,0,93699682
21,3,28,1,2,59,1,3,79803829
28,5,57,1,1,23,4,1,106756521
11,2,39,0,2,28,3,3,54925971
24,3,24,1,1,41,3,2,83525660
16,2,49,0,1,37,3,1,64149950
26,1,27,0,1,31,3,0,70873060
26,2,42,0,2,58,2,1,82130586
9,1,49,0,1,28,3,1,46502838
27,1,22,1,2,25,2,1,68078979
27,2,57,0,2,38,2,1,87647519
15,3,42,1,0,26,5,3,66243604
14,5,56,0,0,35,2,0,72203307
29,5,34,0,1,24,2,3,101596119
29,1,31,1,1,35,3,2,83226409
14,1,31,0,2,20,2,2,44523088
29,3,34,1,1,56,4,1,94911344
18,4,58,1,1,58,3,3,87340929
11,2,59,0,2,38,1,3,66335038
22,1,45,0,1,56,3,0,69175390
19,5,23,0,1,36,2,0,77930360
24,3,43,0,2,45,4,0,85542627
2,2,38,0,2,41,3,3,44478770
4,3,57,0,0,27,4,0,51785898
18,2,35,1,2,52,1,0,65289520
6,2,31,1,0,21,1,0,35580619
20,1,56,0,1,49,5,1,79176645
8,3,46,1,2,39,5,2,59211656
6,3,24,1,2,37,3,2,49283784
17,5,59,0,2,29,5,3,90270428
3,5,38,0,1,43,4,3,62834462
24,1,33,1,0,23,5,1,68597619
27,1,45,0,1,56,4,2,88549671
13,4,50,1,1,23,5,0,67736340
17,5,46,0,2,32,5,0,85456773
25,2,57,1,0,44,5,3,92339234
8,3,47,1,1,32,2,2,57907176
25,1,59,1,2,37,2,3,83615270
20,3,22,1,1,43,5,3,78550851
1,3,41,0,1,21,4,0,37496682
19,4,49,0,2,52,3,0,85036334
27,5,37,1,2,38,1,2,95183553
14,1,38,1,0,28,2,3,54794927
27,3,49,0,1,47,5,1,92870663
6,1,33,0,2,54,1,2,44922719
11,2,48,1,2,58,2,3,63476637
28,4,51,1,0,29,3,2,95039605
7,2,55,1,0,20,4,2,48415160
14,1,58,1,2,40,5,2,67803419
2,1,27,1,0,28,3,1,30729173
13,5,28,0,2,34,2,1,69959315
16,3,53,1,1,54,5,0,78692934
3,3,53,0,0,24,1,0,38379938
17,2,46,0,1,41,4,3,68211204
7,4,54,0,1,42,2,2,63522432
3,3,28,1,1,26,4,3,40038734
1,5,33,0,2,42,5,0,50864290
29,2,37,0,1,44,3,1,86579143
5,2,37,0,1,46,4,0,47696600
21,5,57,0,1,25,1,3,95632009
9,4,34,1,2,53,2,0,62632908
3,5,28,1,1,28,1,3,54394880
21,4,57,0,1,52,4,3,94645237
28,5,30,0,0,25,3,3,96963069
17,5,53,1,2,56,3,3,95753337
25,1,32,1,1,50,1,0,73004544
11,2,29,1,0,53,5,3,64612840
1,5,54,0,2,48,5,3,61920938
9,5,44,1,2,33,3,2,69569089
29,3,46,0,2,55,1,3,96156941
3,2,29,0,2,55,1,0,34839941
13,3,43,1,2,34,1,3,67751879
15,2,25,0,2,27,4,1,60817886
14,3,24,1,1,45,5,1,66453620
7,5,50,0,1,55,5,3,76413020
13,5,50,1,1,40,4,1,80957770
22,1,55,0,1,47,2,1,79490277
27,3,55,0,0,23,4,0,91659298
24,4,49,1,1,35,1,2,92367870
29,1,34,1,2,41,4,1,79073301
7,3,36,1,1,31,1,1,45499650
20,3,44,1,1,35,3,2,76089888
15,1,47,0,2,59,1,2,62435211
12,5,25,1,1,57,5,1,71472622
17,3,47,1,1,56,4,3,84146820
14,5,30,0,1,48,1,1,74736154
20,1,26,1,0,37,2,3,67562469
23,5,53,1,1,29,3,3,94570319
25,2,41,0,2,58,2,3,86736363
24,4,32,1,2,37,2,2,88970326
27,3,36,1,1,20,2,1,83746374
27,4,53,1,1,58,3,1,104496319
27,5,49,1,1,40,3,0,103955156
12,3,43,1,2,20,3,2,60015878
8,5,38,1,2,34,3,0,58415839
28,2,47,0,0,23,2,0,76850506
14,1,28,1,0,39,5,3,55386189
12,3,47,0,0,29,5,2,64953293
0,2,46,0,2,42,3,0,37871711
24,2,31,0,0,53,4,1,74973002
6,3,40,0,1,52,1,0,50612771
8,5,32,1,1,53,4,2,67747984
23,2,34,1,2,58,4,1,80111625
0,4,29,1,0,29,4,1,37305166
11,2,25,0,1,39,5,1,48353159
7,5,52,1,2,20,1,3,66461969
23,5,49,1,0,32,4,1,96780934
10,4,32,1,1,20,3,3,58639933
18,2,22,0,0,24,5,3,59995507
16,5,59,0,2,35,3,0,84789069
7,3,45,1,0,34,3,0,54754326
2,1,52,0,2,47,4,1,39950317
2,1,47,0,0,50,3,2,44263978
0,1,26,1,1,42,1,1,27922875
26,2,41,0,2,36,3,0,81605626
4,4,32,0,2,53,4,1,56740133
9,5,54,1,2,32,3,0,64771413
6,3,59,0,0,33,5,1,58444661
25,3,48,0,0,30,5,2,84506948
8,2,55,0,1,47,5,1,57864834
27,1,36,0,2,51,2,2,78072385
6,2,53,0,2,54,5,2,53137346
8,4,42,0,0,50,5,1,68768520
7,4,26,0,0,36,2,2,57600050
11,5,27,0,1,28,5,2,66256082
1,5,59,1,1,29,4,0,51615632
0,4,43,1,0,27,5,0,41216561
15,4,39,1,2,40,5,2,71395269
22,4,35,1,1,32,2,3,80525926
22,2,31,0,0,24,4,1,72686988
29,4,34,1,0,25,3,2,93762110
23,3,52,1,2,49,1,1,82626866
4,1,51,0,0,50,4,0,39884754
2,4,24,0,0,36,3,1,38641800
11,1,51,0,1,30,4,2,57555394
7,2,27,0,0,39,3,2,41913387
21,1,50,0,0,28,3,2,71103795
26,2,29,1,1,21,4,2,80672439
2,3,54,0,2,56,2,3,56702333
0,2,38,1,2,20,4,3,34676977
2,2,32,1,1,23,4,3,35050056
4,5,34,0,1,55,3,2,60233461
14,4,32,1,2,44,1,3,66893520
13,4,52,1,2,22,3,1,65932230
2,3,49,0,2,28,5,2,46935702
0,3,27,1,2,41,4,0,30733073
4,4,37,1,2,42,4,2,59558583
25,5,25,1,1,31,2,1,83181537
22,4,56,0,0,29,3,3,92116645
13,5,47,0,2,53,2,2,84064293
6,3,33,0,2,29,4,3,47964308
26,1,32,1,0,49,3,2,75176553
8,3,58,0,0,41,3,1,61075766
14,3,46,1,0,25,5,2,72610786
14,2,39,0,0,21,5,3,63647652
25,2,40,1,0,49,1,3,84933784
9,2,44,0,0,21,5,1,45823626
27,2,59,0,1,51,3,2,96840169
12,5,39,1,0,35,5,0,71802160
18,4,47,0,0,31,1,2,75033731
6,1,27,1,1,20,4,1,31537588
16,3,25,0,0,27,5,0,63078001
19,5,50,0,2,32,3,1,81703035
28,1,55,1,2,34,4,2,88730161
3,5,38,1,0,27,3,0,46765831
29,5,37,1,1,29,4,1,101792801
4,3,23,0,2,24,3,3,42186258
22,4,55,1,1,38,5,0,84644545
6,2,29,0,2,57,5,0,45707971
12,4,34,1,0,30,1,1,64471805
14,3,29,1,1,39,4,3,62582816
10,3,51,1,1,39,1,0,52596626
28,3,53,1,1,40,2,1,91614004
3,1,57,1,2,37,5,0,39326719
12,4,51,1,2,29,4,0,68904563
6,4,22,0,2,53,1,0,44454318
26,5,38,1,0,45,1,3,102303974
18,5,41,0,2,49,2,2,80778429
21,5,45,1,0,28,1,2,86418037
27,3,43,1,1,50,3,3,99513937
1,4,50,1,1,23,5,3,54573449
9,3,43,0,0,25,1,1,48727255
12,1,30,0,2,33,1,0,43703194
29,5,58,1,0,23,2,3,108169709
24,3,31,0,1,45,3,1,85883034
20,3,57,1,1,58,1,2,85449621
5,1,58,1,0,36,5,2,45727813
27,2,49,0,2,38,5,2,90132829
27,4,49,0,2,25,1,2,96548544
11,2,42,0,0,48,3,1,57516178
11,5,45,0,0,30,5,0,73600582
19,3,23,1,2,35,5,1,70549826
29,1,29,0,1,49,3,0,78608394
29,1,48,0,0,44,3,2,85806820
10,4,43,1,2,59,1,3,67148466
25,2,58,0,2,30,4,3,93256692
22,4,48,0,1,26,2,3,82668897
27,3,50,0,1,45,4,0,92416504
24,4,24,0,1,41,4,2,84762633
6,1,34,1,1,44,5,1,44170305
29,1,31,1,1,38,3,3,79273767
0,5,57,0,0,50,5,0,55403034
0,5,30,0,2,45,2,3,46066538
24,3,48,1,0,55,1,1,86482237
26,2,55,0,0,42,2,2,84628347
29,4,22,0,0,32,5,1,91589696
24,3,53,0,0,44,5,2,96466177
19,5,46,0,0,21,5,2,84094914
12,4,50,0,1,21,5,2,70901865
8,5,28,0,1,35,4,3,69320721
2,4,24,0,2,28,1,1,39179577
6,2,41,0,0,47,4,3,56320116
5,3,41,0,2,32,5,1,49540896
7,4,51,1,1,54,3,0,56836322
26,1,56,1,1,32,4,0,74258116
8,1,56,1,1,50,5,1,52155449
29,4,48,0,0,40,5,1,98730239
4,4,47,0,0,51,1,1,55488935
0,4,35,1,1,53,2,1,42233520
18,1,38,0,2,27,4,2,64348703
9,1,39,1,2,21,4,3,48376839
11,4,50,0,1,57,4,2,75244806
23,5,41,1,2,51,5,3,100521510
14,5,48,1,1,59,1,3,84913638
26,2,39,1,2,47,5,3,85570663
21,3,25,0,1,56,5,2,81922472
23,5,22,1,2,20,3,1,85337102
8,1,22,0,0,29,1,2,37834478
19,5,47,0,1,23,4,2,85494641
16,2,41,0,1,54,2,3,71903377
29,2,44,0,2,29,4,0,87505737
16,3,31,0,1,30,5,0,66915157
25,5,32,0,1,33,1,2,89170993
19,1,26,0,1,57,1,3,65510662
11,1,22,1,0,31,1,2,39156610
29,4,38,1,0,36,3,2,94636301
6,1,43,1,2,35,4,1,39737099
1,3,55,0,0,54,3,3,58035661
2,3,50,0,2,21,2,0,35111356
16,1,25,0,0,30,5,0,50521004
4,1,26,0,2,22,3,0,30539023
16,4,32,1,0,48,3,2,76356687
23,1,42,0,0,37,5,3,78275445
16,4,56,1,2,39,1,1,76926771
26,4,33,0,1,33,5,0,90902213
16,1,47,1,1,53,4,3,67536454
1,2,40,0,0,50,5,0,35994999
1,2,28,1,2,59,1,1,30777725
27,4,28,0,1,37,5,3,96739959
21,1,47,1,2,49,3,2,75493832
22,2,26,0,1,44,2,2,68543961
4,1,42,1,2,38,3,0,36628556
0,1,35,1,0,27,2,0,23617209
0,1,25,0,2,47,5,3,28159966
18,5,44,1,1,27,4,1,84195190
29,1,41,0,0,50,5,0,81231126
1,5,36,0,2,22,1,3,48267136
20,4,50,0,1,22,5,1,78732103
11,2,29,1,0,41,2,0,46183587
25,2,40,1,2,36,3,0,82013428
5,2,49,0,1,55,4,3,58084640
22,2,48,0,2,36,5,0,74474272
3,2,25,1,2,33,5,2,35518422
22,2,36,1,0,28,3,1,67759144
10,2,56,1,0,49,4,1,56418838
23,4,58,0,1,40,5,2,96920632
26,1,22,0,0,31,5,3,72989580
16,3,24,0,1,56,2,2,65125635
5,5,45,0,2,51,2,2,60680413
23,3,48,0,2,30,1,1,79083327
4,3,57,1,1,39,3,3,57369854
19,1,55,0,2,54,4,0,74978700
1,1,50,1,0,30,5,2,34904490
5,1,45,1,2,27,5,2,43545340
21,2,45,0,0,23,1,3,72055035
10,4,25,1,1,46,5,2,67055687
15,2,24,0,1,59,3,3,64523088
15,4,55,1,2,57,1,0,74653206
0,4,44,0,2,49,3,3,47963208
8,3,44,0,0,46,1,0,48935583
27,3,26,1,0,40,5,3,94530611
26,4,52,0,2,39,1,2,95309661
5,4,27,1,2,23,2,0,39757721
15,2,58,0,1,30,4,2,71806834
28,2,31,0,1,32,5,0,85600744
2,3,28,0,1,28,4,3,43888956
19,1,59,1,2,23,5,3,72079449
27,4,42,1,2,31,4,3,101384537
26,2,41,0,2,28,2,1,73751712
3,3,24,1,1,32,4,1,35975288
18,2,43,0,2,45,1,0,64824733
25,4,25,1,0,57,4,1,89209582
2,4,49,1,2,32,5,3,58738341
18,5,33,0,2,58,3,1,81162353
19,1,59,0,2,47,4,1,71072093
6,5,57,0,2,38,4,2,64234391
19,3,26,0,2,43,4,0,65912784
8,2,34,0,0,38,5,0,47014206
0,3,44,1,0,32,4,0,36928367
7,4,51,1,2,32,5,1,63932187
6,5,58,0,1,47,5,3,69981872
17,5,46,0,2,21,3,2,83061821
7,5,48,0,2,29,1,0,54121064
0,3,35,1,2,41,5,1,42799275
10,4,57,0,1,32,2,3,67185400
27,2,37,0,1,28,4,2,78422994
24,2,43,1,1,52,2,2,85829315
24,3,42,1,0,33,4,0,86131956
17,5,42,1,1,39,3,0,79102005
22,1,29,1,0,34,5,3,71024760
29,3,37,0,0,51,1,1,88382460
9,3,52,1,1,52,5,3,70318986
2,4,31,1,1,36,4,0,48886189
6,2,53,0,1,43,1,3,55716557
27,3,55,0,0,49,5,1,101539868
15,3,30,0,2,32,1,2,64630992
25,5,38,1,1,35,4,2,93832833
15,5,32,0,1,21,3,2,68178147
24,1,53,1,1,36,3,2,78755945
19,4,31,1,0,51,5,0,83113091
27,1,43,1,0,27,2,0,74548399
16,5,38,0,2,22,4,1,71174989
1,2,25,1,1,31,5,1,36725551
0,5,46,0,0,39,5,1,54972120
15,4,42,0,2,35,3,1,69108648
29,5,58,0,1,33,1,3,106385155
11,4,59,1,0,35,4,1,69791484
4,4,22,1,1,52,1,2,44827838
4,4,46,1,1,49,4,2,62064197
26,4,57,0,0,31,2,2,92226528
22,4,38,1,0,34,3,3,87372466
8,2,45,1,0,37,2,1,49997767
8,1,23,1,1,47,5,2,48923362
2,3,36,1,1,42,3,2,44993792
18,1,53,1,2,33,5,2,71146656
15,4,27,0,1,49,2,2,68537023
15,2,22,0,0,52,4,0,62782048
2,5,44,0,1,34,5,1,59437039
19,2,38,0,2,26,1,1,67587933
23,4,55,1,2,34,4,3,95182165
21,2,50,0,0,57,4,0,82900566
23,2,30,1,0,30,2,3,77803672
0,4,34,0,2,48,2,2,46205067
23,2,27,0,2,50,3,3,77306708
19,3,27,0,2,44,3,2,75280873
10,3,41,1,0,43,1,2,62948438
16,2,24,1,2,38,4,1,63928115
7,5,38,0,2,21,1,1,56205404
3,4,33,1,0,41,1,1,42887979
5,3,22,0,1,39,2,1,46425088
7,5,38,0,1,52,1,1,58807296
19,2,24,0,2,27,1,0,55526921
29,5,47,1,1,44,5,1,111700302
2,1,36,0,1,28,3,3,34444929
15,3,57,0,1,53,3,2,80559079
29,2,53,0,1,42,4,1,96774965
24,4,53,1,2,24,3,0,89716584
2,2,25,0,1,44,4,3,36271028
24,4,39,1,1,27,5,3,86756435
28,2,40,0,0,35,3,2,89236606
17,5,56,1,2,34,5,3,92016874
13,5,35,0,0,20,3,3,67438359
17,5,54,0,0,41,3,3,92211981
1,1,35,1,2,22,5,3,30908136
21,4,55,1,1,57,1,0,89857551
2,5,25,0,0,33,1,2,47602785
15,1,45,1,2,55,1,1,61312814
28,4,50,0,1,37,1,3,103732770
8,2,40,0,2,37,3,0,46864179
3,1,27,0,0,22,2,2,29782843
0,3,54,1,1,29,5,1,39982207
3,1,40,0,1,58,2,2,44852105
0,1,22,1,2,20,2,0,15921453
13,4,26,0,1,46,4,0,64481328
20,2,48,1,0,46,1,0,72769514
15,3,37,1,0,30,3,3,71050537
19,5,27,0,0,24,1,0,68878873
23,5,34,1,2,26,1,1,80266548
7,1,56,0,1,38,2,3,49518633
6,4,40,0,1,48,4,2,61449655
2,4,33,0,1,34,1,1,40896057
16,5,37,0,0,54,5,3,81820026
0,3,31,0,1,56,5,0,42025713
15,2,46,1,0,31,1,2,62295986
11,3,41,0,1,49,2,0,62140786
26,2,52,1,0,39,2,1,84524107
18,5,25,1,1,56,3,1,76546295
21,2,44,0,2,22,4,3,73629198
22,4,23,1,2,28,2,1,73965530
21,1,43,0,0,58,3,2,70394526
13,1,58,1,0,45,5,3,64656811
29,5,29,1,1,21,5,2,96475521
5,4,28,1,1,42,5,0,54682074
5,3,35,0,2,42,1,2,48098931
12,4,24,1,1,40,4,2,66927080
18,1,37,0,0,35,3,1,59774015
21,1,40,1,0,28,4,0,61638275
7,4,39,1,0,32,1,1,55193956
26,4,37,1,0,47,3,0,89225300
26,1,29,1,0,46,3,0,74257049
1,3,54,0,2,36,2,2,46352903
20,5,33,0,2,57,4,1,87130278
29,5,32,1,0,55,4,2,108237101
0,4,26,1,1,20,2,2,38724381
27,5,48,0,0,37,5,2,99633597
14,1,33,0,2,28,1,0,44345348
0,1,38,0,0,32,4,1,28361295
4,4,27,0,2,59,2,1,49104494
27,4,54,1,2,34,3,2,96475780
28,4,26,1,0,23,2,0,87041282
15,3,49,0,0,52,5,1,73213942
18,5,35,0,1,43,1,3,81397596
3,4,26,0,2,55,5,1,48314564
2,2,54,0,1,29,3,2,40710806
16,2,40,0,0,55,3,3,71415054
16,1,43,0,2,39,3,0,61156408
11,5,26,1,1,30,3,3,67982919
27,4,23,1,1,31,2,3,87275326
29,2,51,1,1,37,3,2,96746164
28,5,25,0,0,49,3,1,94367349
13,1,54,0,0,56,2,0,58938695
20,3,34,0,0,39,3,3,76589974
5,5,41,1,2,44,5,2,66638911
2,5,28,0,0,31,5,1,53065927
27,3,36,0,2,40,4,3,91744899
8,5,44,1,1,44,5,2,66184402
4,1,35,0,1,30,1,2,34691766
23,1,44,1,0,28,1,2,73395665
28,3,40,1,1,44,1,0,92028093
16,4,50,0,0,54,2,1,82977500
13,2,41,1,2,51,5,3,70667584
20,4,50,0,1,33,1,1,81005747
2,5,45,1,0,20,4,1,53845781
27,2,39,0,1,36,2,3,84742546
0,3,31,1,1,44,4,1,34559099
19,3,29,0,0,27,5,0,66937310
28,2,47,1,1,24,3,3,85425542
20,1,50,1,1,24,4,3,71706657
22,2,31,1,1,54,3,2,72820678
0,5,38,0,1,38,2,1,46425298
2,1,23,0,2,42,4,3,36270782
17,3,27,1,1,28,4,3,66979628
24,2,26,0,1,49,2,0,76892054
9,4,49,1,0,35,2,2,64733938
21,4,26,0,2,52,1,3,78231360
25,5,39,1,0,21,5,0,93465472
2,4,47,0,0,33,4,3,55453470
7,2,41,1,0,20,4,3,53158554
13,2,48,1,2,45,2,3,62640689
23,4,33,1,0,44,2,0,85130112
17,2,28,1,0,35,5,1,61804379
14,5,24,0,0,34,2,3,74745188
21,1,31,1,1,45,3,3,72552840
22,5,55,0,0,35,3,1,92404395
1,5,46,0,2,33,3,3,60162289
26,2,56,1,2,48,3,2,94706954
9,1,37,0,1,43,5,3,47699800
1,2,23,0,2,34,4,2,36674433
25,3,45,0,2,38,3,1,89537446
16,2,31,1,1,27,2,0,53130174
7,2,59,0,0,53,3,1,53628627
0,2,43,0,1,21,5,3,33955327
8,1,47,1,0,46,2,2,48653225
10,2,48,1,0,29,3,0,49466152
21,1,50,0,2,54,4,3,76671487
15,4,59,1,1,42,2,0,78808825
6,3,41,0,2,27,2,0,46471165
28,1,48,0,2,47,4,3,92832650
9,4,41,0,0,42,2,1,61878728
22,1,40,1,2,23,3,3,73814291
25,1,41,0,1,33,2,3,73164123
2,3,56,1,2,48,3,1,54680787
17,5,23,1,2,20,4,2,75029339
24,5,51,0,0,23,1,3,91428142
23,1,55,1,1,51,4,0,73405068
12,2,43,1,2,52,3,3,63389191
27,4,24,1,0,45,5,3,96535642
25,2,27,1,2,36,4,0,77124132
6,2,36,1,1,58,5,1,54123004
24,1,48,0,2,42,5,2,84641890
3,1,31,1,2,51,3,2,38472483
12,1,30,0,0,34,3,0,45819951
19,1,54,0,2,32,1,1,66663695
0,5,53,0,0,21,2,3,55840408
7,1,27,0,1,38,4,3,42287422
13,5,57,0,2,43,3,3,83756025
15,5,23,0,1,43,4,3,78612445
13,1,50,1,1,30,5,3,60260787
11,3,25,1,2,41,2,0,55523749
18,4,22,1,0,34,1,3,69713894
22,2,40,0,1,29,4,3,80819489
14,5,47,1,1,46,2,1,79764376
27,4,46,1,2,28,1,3,93243899
1,3,31,1,2,47,4,2,46825518
1,2,36,0,2,20,2,0,29096069
22,2,43,1,2,36,3,0,70745313
21,5,42,0,2,50,4,0,85041627
18,1,43,1,2,29,2,2,64846688
24,3,57,0,0,56,1,3,97593659
25,5,55,0,1,48,2,0,99478131
29,3,51,0,0,37,3,2,101286415
28,1,46,1,0,57,4,1,90212928
21,1,49,1,2,58,4,3,74869483
25,5,22,0,1,25,4,2,87789948
25,1,25,1,0,59,3,3,73348720
21,4,28,0,2,31,1,1,71987582
16,2,30,0,2,33,4,2,64054268
19,5,57,1,1,29,1,3,91073648
9,3,40,1,0,39,2,2,55069474
5,4,22,1,0,34,1,0,42298486
14,5,31,0,0,50,1,3,76100384
21,1,57,0,2,26,4,2,74399633
10,1,30,1,1,29,5,0,47621646
27,1,53,0,1,29,5,1,83304475
4,1,53,1,0,58,3,3,46242322
0,3,27,0,2,47,3,3,44569522
7,4,59,1,0,49,5,1,72074890
20,2,38,1,1,56,2,0,72884915
27,3,31,0,2,22,4,1,83455758
11,3,48,1,0,34,4,3,63424523
11,2,56,1,0,40,2,2,63219709
4,2,42,0,2,56,2,0,47925451
6,1,46,1,1,31,5,0,45076497
3,3,49,0,2,23,3,0,43346319
5,5,36,1,0,28,2,1,56226017
12,2,25,0,0,58,3,1,51379520
19,2,50,1,0,47,1,2,74327288
29,4,30,1,0,42,4,2,100120092
14,5,48,1,1,59,5,0,79949292
2,5,47,1,1,41,4,2,62896356
22,2,40,0,0,43,5,1,80837400
7,1,49,0,1,45,1,2,48220215
19,4,38,0,1,49,4,1,81223260
15,5,41,0,1,52,1,2,75763205
12,2,44,0,0,35,5,3,58635488
17,5,53,0,2,41,2,1,82643433
27,4,54,0,2,37,4,3,104660516
9,4,26,1,2,26,1,1,54637307
29,3,55,1,0,45,4,2,104227574
18,2,32,1,1,27,4,3,69786105
16,4,24,1,1,25,4,2,69949706
23,3,54,0,0,49,3,1,89258839
18,3,32,0,0,58,1,3,76005126
27,5,37,0,2,42,1,0,98456913
25,5,39,1,2,51,4,2,97119540
22,3,51,0,0,41,2,1,86113678
25,5,31,1,2,28,4,3,98022339
4,4,39,0,1,50,3,2,58479375
25,1,59,0,0,26,5,3,82481870
20,4,40,0,0,28,3,2,78129195
29,3,57,0,1,32,2,2,99474449
22,3,34,1,1,22,4,2,81926853
8,4,24,1,1,54,1,3,57912385
11,5,31,0,2,52,4,3,71538731
20,5,59,1,0,40,2,2,92547993
0,3,22,0,2,50,1,0,33314700
25,2,48,0,1,53,3,0,84441168
25,5,29,0,2,51,5,0,89092527
0,4,38,0,1,54,5,1,53568537
14,5,30,1,2,34,4,0,65212736
1,4,27,0,2,51,3,3,52906766
29,3,46,0,1,25,2,0,92505547
21,5,49,1,2,40,5,3,99137431
15,4,54,0,0,52,3,1,74078739
24,3,58,1,2,51,4,3,98782529
7,2,30,0,2,38,1,3,49831331
12,4,39,0,0,52,4,3,70728366
20,2,42,0,1,47,4,0,71851307
0,2,23,0,0,50,3,2,30850908
15,1,59,0,2,40,5,3,72898769
28,5,57,0,1,53,3,0,106102554
6,4,58,1,2,34,1,0,56308435
4,2,36,0,2,33,3,0,32790701
21,1,49,1,0,38,2,2,71745916
28,3,39,1,0,34,4,2,88374542
22,4,55,0,1,25,5,2,88615994
2,2,43,1,1,28,1,2,34299172
11,5,32,0,1,56,4,1,68931770
25,1,34,1,2,39,3,2,77853495
15,2,25,0,0,53,2,2,58023413
18,5,43,1,0,57,3,2,84602562
4,2,28,1,0,45,4,3,44007577
21,4,45,0,1,37,1,3,85182048
24,4,25,1,0,47,5,2,86459203
28,4,49,0,0,28,4,1,95169398
13,1,36,0,0,51,1,3,56656029
27,4,22,0,1,25,4,0,81458618
4,5,24,0,0,33,2,3,58388817
14,2,35,0,1,47,3,0,61600776
16,3,59,1,0,43,5,3,83947058
29,5,22,1,0,32,1,2,97893955
13,5,59,1,0,31,5,3,85539976
29,4,59,0,1,38,5,2,106352858
19,1,42,1,1,40,5,2,71467143
4,2,50,1,0,46,1,3,52049649
11,1,26,1,2,38,1,0,41644838
15,2,31,1,1,43,5,0,61552437
25,2,49,1,1,45,3,3,86001777
25,1,42,0,0,47,4,2,79296271
15,5,28,0,2,37,5,0,68193345
20,2,24,1,0,55,2,1,72959011
6,1,41,0,1,48,5,2,45153203
3,2,40,0,1,36,1,3,38945871
0,3,56,1,0,23,4,2,47561090
29,5,25,1,0,48,2,1,95838871
29,4,26,0,2,23,4,1,85758621
4,2,22,1,2,29,4,0,35623330
22,3,25,0,1,44,2,1,70607609
25,4,33,0,2,50,5,2,91502807
9,4,48,1,2,22,5,0,55230099
21,2,44,0,1,21,5,1,69294269
4,1,46,0,1,44,3,0,33718241
3,2,42,0,1,25,5,0,39124277
1,3,45,1,1,45,2,3,51986424
19,4,46,1,0,27,3,0,78379736
9,2,53,1,1,54,5,0,57267757
25,1,53,1,1,46,3,1,75476430
18,2,26,0,1,44,2,2,61002475
25,5,57,1,2,37,5,2,107207050
0,1,37,1,1,20,1,1,22027526
23,3,54,1,0,58,2,2,91088203
4,4,42,1,0,22,4,0,53009153
12,2,30,0,1,23,4,3,53461365
3,1,27,0,0,56,2,0,35349654
15,5,56,0,2,34,4,0,83973021
23,1,43,1,1,27,2,3,73465102
15,5,26,1,0,57,1,1,71405349
22,3,44,0,0,38,2,0,81968044
1,4,38,1,1,45,5,0,50648893
16,3,33,1,0,58,5,1,70202450
27,2,44,0,1,29,3,0,79408681
26,1,37,0,0,57,4,0,77765943
19,5,24,1,2,33,4,2,81512861
23,5,51,1,0,38,2,1,92177796
11,1,43,1,0,49,4,0,52679064
17,1,30,0,1,24,5,0,49914938
2,2,50,0,0,50,1,3,43670132
27,3,58,0,1,26,2,3,93653054
0,5,44,0,2,38,4,3,53189642
0,2,34,1,1,50,5,0,37534806
28,3,53,0,1,58,3,0,95575919
18,2,44,0,0,43,4,3,77707441
10,5,38,1,2,53,1,2,70666900
4,1,42,1,1,42,1,2,35308086
11,1,23,1,0,59,4,2,54514140
2,3,58,0,0,25,4,2,51283450
0,4,27,1,1,57,5,1,48699876
0,3,39,1,0,55,4,3,45038782
7,4,51,0,1,46,3,0,61277772
9,2,43,0,1,30,5,3,58938609
10,2,54,1,1,24,2,2,51609387
11,5,51,0,2,36,3,0,69333310
28,4,38,1,1,26,5,1,89383094
12,5,53,1,0,46,5,3,82869501
11,1,35,0,2,34,1,0,38266804
13,4,31,1,0,32,5,0,65019261
1,3,57,0,2,30,3,2,48415766
28,1,55,0,2,45,4,2,85967139
18,1,30,0,2,41,3,3,65148932
17,3,49,1,2,47,2,1,72684936
2,1,32,0,0,43,5,0,31275564
22,4,35,0,1,48,5,2,87589359
16,5,40,1,0,28,5,3,83136093
25,1,36,1,1,23,5,2,73670924
7,4,49,1,0,37,1,3,63953731
28,2,45,1,2,35,1,2,89710580
25,4,29,0,2,52,4,1,93571212
9,5,30,0,1,48,5,0,66710196
25,4,54,0,1,58,2,2,102060455
29,3,54,1,0,29,4,0,95707628
1,5,40,1,1,28,5,3,56090702
18,2,24,0,0,50,1,1,59999414
8,3,31,1,1,47,2,0,51157914
6,4,22,1,1,22,4,2,46390404
3,5,50,0,1,33,2,0,51284533
25,2,55,0,2,44,5,0,84166491
20,3,34,1,2,34,3,3,76647193
17,2,22,1,0,21,2,1,50836060
12,4,55,1,1,43,2,1,72973668
10,2,50,0,0,33,1,0,46396184
28,1,34,0,1,26,5,0,76255500
23,3,50,0,2,55,2,3,95305111
3,2,45,0,2,43,5,0,37933886
24,4,47,0,1,46,1,3,96038707
20,4,38,1,1,56,5,1,89408263
28,2,28,1,2,57,1,1,85263240
24,4,34,1,2,49,1,3,93451796
3,5,26,0,0,46,4,0,47871602
9,5,47,0,2,58,5,1,74947614
4,5,24,0,1,34,3,2,57965564
8,1,28,1,0,45,4,3,49043801
23,2,22,0,1,20,1,1,69350825
2,1,38,0,0,23,3,1,27486632
16,4,46,1,1,48,2,1,74928922
2,1,24,0,2,20,2,2,21138781
15,4,36,1,1,41,4,2,77680530
3,4,50,0,0,30,3,2,53801377
17,3,53,0,1,29,5,0,71615222
16,5,47,1,0,36,3,3,82697120
6,4,37,1,1,55,4,0,59461011
23,3,46,1,2,45,5,2,89393437
22,5,49,1,2,40,5,3,102461401
29,4,30,1,1,32,2,0,84611957
4,4,22,1,1,28,3,0,41404804
11,1,50,0,1,30,5,0,55159728
16,1,43,0,0,30,4,2,64106437
22,5,37,1,1,25,2,1,85210861
12,4,28,0,1,20,5,3,63245498
22,2,35,1,0,25,3,2,68598111
24,1,50,0,2,32,2,3,82556935
2,5,40,1,1,41,3,2,53627154
8,4,40,0,1,50,3,0,57508958
29,4,23,0,2,41,3,0,92245436
16,2,36,0,2,56,2,1,64692712
16,5,24,0,0,46,5,1,81363082
29,4,32,0,1,33,1,3,94800908
19,1,51,1,1,24,5,1,67888919
15,2,39,1,0,55,2,1,63537650
24,5,23,1,2,51,1,3,95966777
21,2,53,0,0,53,1,2,75109138
12,1,29,1,2,26,1,1,43392580
26,5,43,0,0,29,4,2,97856232
18,2,27,0,2,36,2,0,63782591
16,3,33,0,0,49,4,1,73561555
3,1,57,1,2,40,1,0,34276245
11,1,36,0,2,32,4,0,48073026
28,1,49,1,2,20,4,2,83872978
8,3,39,1,2,20,2,3,56063743
18,3,23,0,2,52,3,1,72163108
11,4,34,0,1,57,4,2,70826503
8,2,36,1,2,44,4,3,52400205
6,4,41,1,1,45,1,0,56661834
27,2,50,1,2,32,1,1,83853874
13,3,50,1,1,47,1,0,67305513
19,3,24,1,1,52,5,0,67877406
18,4,40,1,0,56,4,1,80642236
25,5,24,0,2,49,1,3,91389905
14,4,35,1,0,27,2,3,68835993
15,2,25,1,0,20,5,1,51389912
20,4,32,1,2,31,3,1,79258310
4,1,52,1,0,24,4,2,36300527
2,2,53,0,2,43,4,2,45519557
11,2,48,0,0,25,2,0,50189551
24,5,51,1,2,44,3,1,100290863
19,3,23,1,2,20,3,3,70258198
26,2,30,1,2,44,5,0,78364599
20,3,49,0,1,20,4,0,73375616
3,4,52,0,0,51,1,0,47337719
20,1,55,0,1,22,2,0,65475106
22,5,36,0,0,38,2,3,94633829
15,3,46,0,0,48,2,0,71861251
24,2,57,0,0,21,2,1,80837827
6,3,29,1,1,28,1,2,46784419
12,2,30,0,0,36,1,3,51358569
20,3,58,0,1,55,5,1,89754791
9,2,53,1,2,36,4,1,59242224
25,4,38,0,0,31,1,1,85658448
6,2,56,1,0,39,5,2,53647136
13,2,58,0,2,22,3,2,66679955
25,1,40,1,2,23,4,2,71634730
4,2,50,1,0,36,1,1,47309378
2,1,28,1,2,56,3,2,36056600
22,5,49,1,1,34,5,0,94637968
28,1,30,1,1,52,1,2,78258460
10,4,49,0,0,35,1,3,71132512
10,1,27,0,1,30,3,1,46639604
17,5,50,1,1,39,1,1,82909000
14,4,38,1,0,57,2,0,74754043
11,3,37,1,2,43,1,2,58962571
8,3,44,0,0,35,4,2,62302389
9,1,52,1,1,49,3,3,51754969
25,1,24,1,0,53,4,0,68149815
11,5,42,1,0,20,5,3,74637411
16,5,47,1,1,43,4,3,86562633
28,2,57,0,1,43,2,1,93868757
5,5,58,1,0,28,2,1,59966974
6,2,43,1,1,41,4,2,47488160
13,4,33,0,1,31,5,2,70523684
12,1,34,1,1,36,1,3,49838920
7,4,32,1,1,44,2,2,55109668
9,5,37,0,1,47,4,3,74204594
8,4,29,0,1,34,4,2,60794087
17,4,23,0,2,49,4,2,77686089
26,4,51,1,0,46,1,1,95803274
25,5,51,1,1,41,3,1,94769343
1,4,33,0,0,29,5,1,46782060
4,2,31,0,2,50,3,1,41390707
28,5,32,0,1,46,5,0,102354410
4,4,36,1,0,31,5,1,46367659
5,5,37,1,1,50,4,0,57511236
18,3,38,0,1,51,2,1,70090717
7,2,47,1,1,51,4,2,58802601
15,4,23,0,1,54,1,3,75599292
12,3,33,1,1,40,5,2,65978502
0,3,47,1,1,29,2,2,37297928
21,5,44,1,1,35,5,0,89152520
19,3,39,1,2,26,5,1,75342153
16,2,53,0,2,23,4,3,66345481
6,2,59,1,1,46,2,3,60485223
24,1,24,1,1,44,2,1,72318303
12,2,59,0,2,50,5,0,64697005
3,3,24,1,2,30,2,0,37672368
3,2,51,0,2,39,2,0,39299038
5,5,22,0,1,55,4,3,58649300
27,1,51,1,0,36,3,0,80789687
18,3,53,1,0,30,1,0,69371889
28,1,49,0,0,49,3,3,92441631
11,3,42,0,0,54,2,3,65158681
21,5,34,0,1,57,5,2,88716575
6,1,48,1,0,41,1,3,41074104
26,4,57,0,2,46,1,1,94570966
9,3,28,0,2,56,5,3,65075104
25,4,43,0,0,54,1,3,92713491
18,1,31,1,2,23,5,0,58119678
6,4,36,0,1,35,1,2,58114129
29,4,36,1,0,35,3,0,93111179
2,1,25,1,0,40,1,2,31012690
12,5,53,0,1,45,4,0,70639244
12,4,44,1,2,55,5,1,73594526
17,4,27,0,1,38,1,0,63021673
27,5,45,1,1,36,5,0,99672654
29,4,41,1,2,45,4,1,97927635
25,4,58,0,1,41,1,1,91191090
19,4,41,0,2,47,1,3,78389922
27,2,33,0,2,20,4,0,78926029
7,5,54,1,1,55,4,1,70236134
28,4,49,1,2,56,4,1,101300135
8,5,29,0,1,21,5,3,64730332
6,3,22,0,2,36,4,2,43565098
0,3,58,1,0,59,5,1,48506972
2,4,43,1,2,57,3,1,56900085
12,5,27,1,2,40,1,0,67418277
27,5,42,0,1,28,1,3,96520688
29,5,53,1,2,32,2,0,100548745
24,2,56,0,0,30,3,2,84256464
27,3,36,1,0,35,4,3,92821172
16,5,26,1,2,35,4,0,73549089
24,5,27,0,2,21,3,1,82759071
23,2,46,0,0,27,4,1,75199653
0,2,50,0,1,32,2,3,39129272
5,5,28,1,0,36,5,1,55383524
20,1,34,1,0,58,1,0,58895619
5,5,59,1,2,43,3,3,68549341
25,5,39,0,2,22,1,1,90024549
11,2,23,1,0,49,5,1,58044439
12,2,29,0,1,32,3,2,55526093
12,5,32,0,0,38,5,2,69316871
28,5,54,0,0,26,4,3,102352813
14,5,59,1,1,28,4,2,86205276
20,2,48,1,0,38,4,0,74227951
15,5,41,0,0,59,5,1,82354094
21,5,33,1,2,41,5,1,90371342
20,4,52,0,1,37,5,1,90948949
10,1,48,0,2,42,1,3,50496314
27,3,53,1,2,21,5,3,94198965
4,1,31,0,1,30,4,2,37442362
3,4,24,0,1,50,2,1,47706491
2,3,48,1,0,52,5,1,52469995
18,5,56,0,2,33,2,1,87037234
19,4,52,0,1,35,4,1,82301461
24,5,36,0,2,30,5,1,92550843
17,2,37,0,2,52,1,0,64473624
14,4,34,0,1,26,1,1,60003400
8,2,56,0,0,50,2,0,53414435
16,4,32,0,2,33,1,1,70696968
13,4,42,1,1,47,1,3,70217422
14,2,32,1,0,35,1,3,53849875
0,3,51,0,2,38,4,0,46829273
20,1,56,0,1,36,1,1,64058162
21,5,43,1,2,45,3,3,93322410
21,4,59,1,1,25,5,3,95344905
2,5,52,1,1,28,1,1,50450247
15,2,35,1,2,36,1,1,53817201
22,5,45,1,2,50,1,3,98807069
24,2,53,0,1,31,3,1,77830346
10,5,57,1,0,42,1,2,74021457
11,1,53,1,2,24,1,1,45149383
9,1,36,1,1,55,5,3,51227995
15,1,56,0,1,55,3,3,64432621
7,1,24,0,0,22,3,0,29236287
5,1,37,0,0,43,1,2,42243813
11,1,26,0,0,36,3,3,44323566
23,2,42,0,2,58,2,2,84048777
27,4,31,0,1,45,3,1,91159177
20,5,40,1,1,23,3,3,89708789
7,1,46,0,1,31,3,0,40536442
25,2,25,0,0,20,4,3,80081682
27,2,50,1,1,40,4,0,87861468
3,2,40,0,2,38,4,2,44785392
25,4,23,1,0,40,3,0,84885195
7,5,31,1,0,37,2,1,57356974
25,4,46,0,0,22,3,1,88982399
27,3,41,1,0,51,1,1,89908331
17,2,40,1,2,29,2,3,68599768
27,3,44,1,1,59,4,1,92065860
27,1,45,1,2,34,5,1,81921635
4,1,32,0,1,24,2,3,34797291
8,4,55,1,2,23,4,2,62225551
3,5,49,0,0,47,2,1,54921672
26,3,26,1,0,23,2,1,74950914
21,5,26,1,2,34,3,3,83176305
16,4,42,1,2,36,1,2,74491393
8,1,33,0,1,22,5,2,40756151
0,5,25,0,2,29,4,2,45686262
20,5,41,0,2,42,2,3,90468150
19,1,59,1,1,37,5,0,67656641
12,3,46,1,1,20,2,0,54955090
27,1,35,1,1,54,1,1,77865697
15,5,32,1,2,50,5,1,80701524
28,3,53,0,1,20,4,1,91887874
12,3,32,1,0,22,2,0,53787716
13,1,39,0,0,22,1,3,55071114
2,5,48,1,0,56,5,1,63623898
28,4,39,0,2,38,2,3,95664485
5,5,44,0,0,48,2,1,59447981
17,2,32,1,2,44,4,3,68787488
18,4,42,1,2,52,1,3,78169680
4,3,26,0,0,55,3,0,48751405
14,4,44,1,1,48,2,3,74183965
24,3,46,1,2,45,5,2,91292679
1,3,31,0,0,23,4,0,34084679
9,4,43,0,2,33,4,1,56765197
23,3,40,0,1,46,2,0,80079366
29,3,22,0,1,52,2,2,88645632
17,2,28,1,0,41,2,2,63915278
26,5,25,0,2,22,3,3,91742334
12,5,22,0,2,42,2,2,64099758
4,2,36,0,2,40,1,2,41534048
22,4,33,1,2,42,5,2,87606419
23,1,43,0,0,23,2,2,69903938
0,1,43,1,1,40,3,1,27000100
21,1,38,0,0,56,5,1,69147844
0,2,50,0,2,50,4,0,35477859
17,2,35,1,2,40,2,3,66696880
14,3,41,0,1,45,5,1,73041939
16,1,54,0,2,54,4,2,71808333
10,4,36,1,0,57,3,3,74181665
20,4,33,0,0,43,1,1,77532295
25,1,41,0,1,30,2,0,65583392
24,1,51,0,0,48,1,2,82976252
21,1,59,0,0,22,3,3,76506436
26,2,24,1,0,20,5,1,78164060
26,2,49,0,0,38,5,3,85109012
16,2,47,1,2,41,3,1,69834546
12,5,51,0,0,33,3,0,70533587
0,4,34,1,1,33,2,2,44914880
1,4,34,0,1,35,4,0,41003526
8,3,23,1,0,52,1,2,56103024
2,2,58,0,1,32,1,2,43547198
0,5,59,1,0,57,5,3,62899888
20,5,23,1,1,31,5,1,84391514
15,4,57,0,1,57,2,0,73569077
22,2,47,1,0,58,3,0,78227653
5,3,32,0,0,52,1,0,49565660
27,2,29,0,2,52,2,3,86803537
16,1,43,0,0,48,5,3,71538761
4,2,41,0,0,24,5,3,43881597
4,1,29,0,2,25,1,2,28477046
5,1,50,1,0,50,5,0,42810004
2,3,47,0,0,35,5,2,45994135
20,4,51,0,2,50,4,0,81904313
22,2,38,0,0,44,3,0,68309590
4,1,41,0,0,52,5,1,38502243
20,2,37,0,2,32,4,0,71671342
4,4,28,0,2,29,2,3,49118642
9,4,37,1,1,43,5,3,63750170
9,5,48,1,0,29,2,3,72051922
18,4,44,0,1,50,5,1,84321313
16,3,45,1,1,32,1,1,63284492
20,1,30,0,2,22,4,2,67295429
13,5,56,0,0,53,4,0,84631876
8,3,41,0,0,47,1,0,55992812
13,2,58,0,2,38,3,3,64901290
0,1,38,0,1,42,4,3,39039238
18,4,52,1,2,51,2,3,87171842
12,1,29,1,0,32,4,3,55362841
12,2,36,1,2,52,3,3,57356888
3,5,52,1,0,53,2,3,63971552
29,5,51,0,1,52,2,0,102861936
0,5,41,1,0,24,1,1,44184396
16,4,33,0,1,22,5,3,77836717
7,3,38,1,1,26,1,0,48976292
1,3,51,1,0,43,5,3,49614999
27,1,50,1,0,41,1,2,86704053
7,4,40,1,1,42,5,2,60127510
6,5,32,0,2,49,4,0,61357788
25,5,55,1,0,37,2,1,96514773
25,2,28,1,1,51,5,2,78707226
1,2,55,0,1,26,4,2,38016660
21,5,41,0,2,52,3,1,94937799
21,5,59,1,0,24,1,2,94389580
2,4,45,0,1,47,3,3,54417342
26,3,31,0,2,27,4,1,86411523
17,2,53,0,1,34,3,2,68749808
11,3,36,1,0,23,3,1,58596717
0,4,58,0,2,53,4,3,55120910
21,5,41,1,1,24,2,2,85838291
11,3,24,1,2,52,5,0,57489328
4,5,58,1,0,24,1,2,59131909
29,5,29,1,2,57,5,2,105445530
29,1,44,0,0,53,1,3,83200073
26,3,32,1,1,45,5,0,90351093
24,3,29,0,0,20,3,0,71966079
16,5,50,1,1,23,2,0,71474198
15,4,51,0,1,58,3,3,78431088
14,1,31,1,0,45,2,3,59399859
22,5,49,0,1,52,4,3,96358027
14,2,57,1,2,52,1,3,72286797
4,2,34,1,1,27,1,3,36600917
20,1,53,0,0,39,4,0,63978833
13,4,57,1,2,35,5,1,70367891
1,5,58,1,2,40,4,3,59335621
10,3,47,1,1,45,4,1,62999198
18,1,43,0,1,42,2,2,63621046
6,4,25,1,0,37,4,2,54966283
5,3,52,1,2,50,1,3,58737900
27,2,39,0,0,31,3,2,87997205
1,2,59,0,1,20,2,1,34030732
5,3,45,0,2,28,2,2,52957343
17,1,44,0,0,22,5,2,65516851
1,2,43,0,0,45,3,1,35297506
17,5,23,1,0,28,2,2,78878331
29,3,52,1,0,35,4,3,98593730
14,3,32,1,0,43,2,1,60021645
26,2,49,0,2,33,2,1,86367985
18,1,53,1,0,22,2,0,58723986
1,5,26,0,2,53,5,0,51189884
19,1,59,0,0,52,2,1,71417499
24,4,31,1,1,43,2,1,86673104
5,4,45,0,1,28,5,0,53800366
0,2,56,0,0,32,3,3,42538578
23,2,44,1,1,21,1,2,76900424
14,2,38,0,2,26,5,2,60950606
27,4,22,0,0,40,5,2,92098994
29,1,52,1,2,38,2,1,81584239
22,1,52,0,0,44,2,3,76931696
9,2,55,0,1,41,1,0,54445728
18,5,30,1,2,30,2,3,81869510
16,1,43,1,1,52,4,3,67501396
4,4,34,1,1,51,2,2,56882270
28,3,46,1,0,40,2,0,92237137
3,3,39,0,2,58,4,3,53117327
9,3,33,0,1,39,1,0,51931034
23,5,38,1,0,27,4,1,86866478
16,2,36,0,0,56,5,2,72737115
9,4,36,0,0,28,4,0,58723056
16,5,36,1,1,44,3,1,74133442
27,4,34,1,0,44,5,1,98980414
19,4,38,0,2,52,2,1,78681246
23,2,53,1,2,21,5,3,77861949
4,3,30,1,1,38,1,3,46550608
1,2,41,1,2,39,1,2,41413877
5,5,47,0,0,48,4,2,68948892
20,5,48,1,1,25,5,1,84799540
1,5,42,0,0,36,2,2,57314290
12,2,39,0,1,44,1,3,62220871
29,4,34,0,1,57,2,2,101454295
10,4,37,1,0,23,3,0,58764179
10,1,30,1,2,49,1,3,50339399
15,5,33,1,2,39,4,1,71838964
10,4,59,1,1,22,3,1,60177332
18,1,40,1,0,42,5,2,63866462
14,4,28,0,0,37,2,3,68903158
24,5,56,0,1,45,1,1,99647213
22,3,39,0,2,55,3,1,86474968
22,5,37,1,0,27,3,3,85445184
15,2,25,0,2,36,1,3,58579705
10,4,46,0,2,50,5,1,66694299
21,4,53,1,1,56,5,2,94557899
15,2,34,1,1,52,4,2,66691038
7,2,38,0,2,46,5,2,56493248
3,3,58,0,0,23,4,0,45762451
7,4,27,1,0,41,3,3,62532843
3,4,40,1,1,45,1,1,52767137
23,3,34,1,2,51,5,0,85959153
24,1,47,1,0,43,4,2,79212003
2,3,35,0,0,54,3,0,44680231
2,5,52,0,1,56,5,1,66824600
26,4,25,1,2,51,2,1,91061678
28,2,29,0,0,26,3,3,79502203
17,5,46,0,1,52,5,2,91544200
28,4,34,1,0,50,3,2,95421505
25,3,53,0,0,31,1,0,84858672
18,5,59,0,0,30,1,2,89348121
18,4,59,0,1,43,1,0,83645160
20,1,49,1,2,27,2,1,69774014
4,1,51,1,1,51,1,1,40335073
17,2,24,0,2,57,2,1,60482583
27,4,49,1,0,41,1,1,90396317
9,1,24,1,2,53,3,1,48578064
28,3,55,1,0,38,5,0,98189097
21,4,37,0,0,39,5,1,84405713
20,3,43,0,1,33,1,0,67606331
5,3,53,1,0,52,5,1,60435397
0,1,59,0,1,29,1,0,24674811
4,4,29,0,2,35,1,0,45157137
8,5,29,0,2,23,4,0,58620881
11,1,27,0,0,46,4,2,48461344
25,1,35,0,1,47,4,0,71882402
13,4,53,1,0,35,2,0,65757806
1,4,56,0,1,52,4,1,55866419
16,3,31,0,1,38,1,0,62233198
13,4,24,0,1,40,3,0,64987926
25,3,33,1,2,41,4,3,88742957
12,1,52,1,1,28,4,2,59817545
26,2,50,1,2,28,3,3,81975607
8,5,26,0,1,28,1,1,53314731
25,1,46,1,2,46,2,2,83525030
24,4,52,1,2,36,4,2,93249112
14,5,42,1,2,27,3,3,73123447
24,2,41,1,0,35,1,2,80051209
21,2,43,0,1,37,5,3,76764056
14,3,25,1,0,52,2,0,60053407
23,5,34,1,1,20,3,3,91047815
29,3,41,0,1,31,3,2,94680787
10,1,34,0,0,25,3,2,48644760
15,5,38,1,2,24,4,1,69242351
28,1,57,0,1,35,5,1,81727977
16,3,54,1,2,37,2,1,74506813
25,5,22,0,0,37,1,1,89495001
3,3,36,0,2,20,1,2,38840379
0,5,34,1,1,38,5,1,48591838
7,3,38,0,1,27,3,3,52351210
16,2,45,1,1,22,3,0,60189189
2,3,29,0,0,44,3,2,40480421
28,2,48,1,1,24,3,1,86335068
19,3,44,0,0,59,3,2,80807916
14,5,29,0,2,38,5,1,71378596
14,5,29,0,1,37,4,2,71914093
23,5,47,0,1,50,2,1,90112404
21,4,34,0,1,52,3,0,84907841
13,1,58,1,2,37,4,1,62602477
25,5,49,0,1,58,1,3,98886455
27,2,46,1,0,35,5,2,84692334
22,5,37,1,2,35,4,2,89020627
13,4,23,1,2,57,3,3,70315743
23,2,39,0,2,26,3,3,81111638
1,4,38,1,2,33,3,0,45105023
12,2,51,0,2,44,4,2,61921403
25,3,34,1,0,51,3,0,81077636
13,1,53,1,2,57,4,2,66978453
26,1,50,1,1,41,3,2,85221097
23,4,51,1,2,35,1,0,80307612
18,1,39,1,2,48,1,2,64608187
6,4,34,0,2,35,2,2,58911480
2,4,42,1,2,31,3,0,47039150
14,4,51,1,2,36,3,1,68566763
22,1,42,0,0,56,4,0,75939032
13,4,38,0,0,46,4,2,74625829
10,1,40,0,2,44,3,3,52562347
14,4,36,1,0,32,2,1,67533608
27,5,30,1,1,27,3,3,97865522
12,4,31,1,2,24,4,1,59131284
17,2,52,1,1,31,3,3,67224353
25,4,44,1,1,22,4,1,88246523
5,3,51,1,2,54,3,0,51719820
2,4,54,0,1,52,5,1,59324556
18,2,30,0,1,41,4,1,68257351
14,2,22,1,1,28,2,1,54055628
24,1,56,1,2,37,5,2,76708293
22,5,32,1,2,48,3,3,95384997
4,4,55,1,1,58,4,0,61393727
27,1,37,1,2,46,5,3,82496279
9,5,30,0,2,55,2,3,73237160
6,4,53,0,1,36,4,0,54128391
24,3,36,1,2,53,5,2,87635876
16,4,33,0,0,22,5,1,66147697
6,2,54,1,2,24,5,2,55143789
21,2,35,1,0,33,1,2,66269693
25,3,29,1,1,22,3,1,78919582
29,1,29,0,2,42,4,3,79718818
11,5,48,0,1,58,4,1,81485933
24,4,33,1,1,49,4,0,84365254
16,2,22,0,1,42,5,1,56834416
12,1,32,0,1,46,3,3,50779176
19,3,52,1,1,29,2,2,73459093
24,2,38,0,2,44,4,2,80527196
3,3,54,0,0,32,3,1,43792047
9,4,53,1,2,35,3,0,57614004
2,5,50,1,2,53,1,3,63912940
8,2,42,0,2,56,4,2,56904415
12,2,42,1,2,41,5,1,61225349
17,4,44,0,0,36,3,0,71994677
14,1,27,1,2,42,3,0,44719192
3,5,43,1,1,55,2,2,62512291
14,2,59,1,2,28,1,2,60386338
21,5,58,1,2,21,3,3,89677040
1,2,29,0,0,51,3,0,34254973
14,5,56,1,0,41,5,3,81823521
7,3,32,1,1,32,5,0,53357946
7,2,45,1,2,27,2,0,39404600
16,5,42,0,2,20,2,1,77483365
11,1,23,0,2,36,2,2,40186102
18,3,40,1,1,31,5,0,71343809
9,3,49,1,0,23,5,3,66045144
8,1,38,1,1,32,1,2,41357752
4,5,27,1,2,50,4,3,64211027
5,4,40,1,0,26,4,2,54433643
19,1,59,1,0,42,1,2,69925058
25,5,49,0,1,43,4,0,93340397
1,1,23,1,0,24,5,1,21796629
26,1,59,1,0,24,4,0,76415005
23,2,58,1,2,36,5,2,89536525
26,5,25,1,2,49,1,0,88972866
12,4,43,1,0,28,2,0,60091539
5,2,47,1,0,25,1,2,43760928
4,1,57,0,1,44,4,2,47554935
24,1,34,0,1,38,5,0,67852675
0,1,53,0,0,35,4,0,33600707
20,5,38,0,2,40,4,0,87057273
21,5,57,0,0,21,2,3,88152063
20,2,40,0,0,29,4,0,70371592
5,4,56,1,2,35,2,3,62935590
5,2,49,1,2,56,5,1,53548561
22,3,22,1,1,34,5,3,76602562
15,1,39,1,1,32,2,0,53499177
3,1,54,1,1,32,1,1,40783545
29,1,33,1,1,51,5,3,93014109
10,2,29,0,2,27,1,3,51217753
29,2,45,1,0,37,5,2,94972789
29,1,37,0,1,55,5,1,81607311
29,2,25,0,1,45,3,2,84058538
23,5,59,1,2,29,4,1,92754936
22,5,48,1,2,50,4,3,97353321
8,2,30,1,0,52,1,2,50501447
22,1,37,1,0,48,4,0,67774376
2,2,33,1,2,24,1,3,34564991
18,2,52,1,1,32,5,1,68917172
7,2,45,1,1,20,3,1,44981923
4,3,35,0,1,42,3,2,45978237
3,5,46,1,0,59,5,2,65853452
23,4,55,1,1,22,2,1,85579531
5,4,24,0,1,22,2,3,52086164
1,3,45,1,2,26,4,2,43262152
19,2,30,1,1,55,1,0,68878008
27,3,47,0,2,54,3,1,96370445
10,3,41,1,1,34,4,0,55408783
3,1,31,1,0,59,5,1,34420638
14,5,40,1,1,22,3,0,66414931
5,4,24,1,1,48,1,3,50464639
21,2,45,1,2,49,1,1,73895684
16,4,26,1,2,58,2,3,71587069
29,4,24,0,2,37,4,2,91655121
23,5,48,1,1,30,5,1,89518954
5,4,37,1,1,57,3,3,61363270
18,4,36,0,0,59,1,0,79863441
29,3,56,0,1,20,3,3,96110891
24,5,33,1,0,48,5,1,95967985
1,1,47,0,2,29,3,3,37711391
14,2,55,1,2,47,4,0,66995481
10,4,44,1,2,50,2,0,61861632
7,2,52,0,0,38,3,0,44027894
25,1,41,1,1,22,2,2,68761449
18,2,33,1,2,55,5,1,68265632
12,1,44,0,1,34,2,0,48797296
11,3,25,0,1,52,3,2,63588208
4,4,44,0,2,45,3,0,56756911
5,1,22,0,0,35,1,3,36589823
25,2,46,1,1,55,3,1,81393603
21,4,23,0,2,52,2,3,86310518
3,3,51,0,1,39,1,2,44868906
18,4,24,0,1,32,3,3,72123699
19,1,42,0,1,52,3,3,68120831
0,3,46,0,1,24,5,0,36403943
19,2,41,1,1,56,1,3,70642980
16,3,43,0,0,33,5,0,70325227
11,3,42,1,0,46,5,0,57397118
14,5,54,0,2,42,5,1,82339086
0,3,59,0,0,33,4,2,50582577
25,3,36,0,0,59,5,2,94233829
13,4,36,0,0,23,2,2,63491689
5,2,46,0,1,58,3,0,51433652
4,4,42,0,1,38,4,2,58375961
29,4,45,0,2,23,5,0,95500444
10,1,26,0,2,49,3,1,45259710
3,4,27,1,2,38,1,2,46034210
12,5,44,0,1,50,1,0,70503157
10,5,25,1,0,50,3,2,62922994
2,1,48,0,0,28,2,2,33110251
0,2,39,1,1,32,3,1,36239115
5,2,42,0,2,33,3,3,47075630
17,4,49,0,2,29,4,2,83284315
23,4,56,0,2,50,1,1,91488486
9,4,43,1,1,56,1,2,60301658
4,2,44,1,2,42,5,2,45122723
22,3,24,1,2,46,3,2,82844648
9,5,31,1,1,25,3,2,64989305
11,3,46,0,0,45,2,3,67661964
1,3,29,0,1,21,1,3,33550007
12,2,32,0,1,32,2,2,54094655
7,3,26,1,1,38,4,2,54657128
1,1,58,0,1,20,5,1,39951001
19,4,59,1,0,59,2,1,85304878
0,1,50,1,2,51,1,0,33369157
4,5,26,1,1,41,4,3,61273386
8,4,30,1,0,48,3,2,57719771
16,3,23,1,2,21,4,3,65866800
8,5,22,0,2,59,2,1,66397815
10,4,51,1,2,57,1,3,72607287
14,3,32,1,1,30,2,3,64246075
23,1,49,0,1,36,3,2,76019267
5,4,33,1,2,27,3,2,56241500
22,3,47,1,2,41,1,1,76607806
2,1,34,0,2,23,5,2,29814625
29,5,29,0,2,30,4,1,96710305
16,5,49,0,2,27,4,1,80126857
4,5,51,1,2,28,3,0,56688162
29,5,30,0,0,45,2,0,96051910
27,2,52,0,2,21,2,0,82668498
11,4,42,0,1,35,5,3,68971033
17,4,55,1,1,50,2,0,74261101
13,2,52,0,1,25,4,2,59700463
20,3,46,1,2,40,2,2,74638394
23,3,33,1,1,45,5,0,81154769
10,5,22,0,0,38,4,3,62669596
8,1,43,1,2,47,2,1,41833435
1,3,58,1,1,27,4,3,48658518
11,1,22,0,0,33,3,3,47024475
2,4,22,1,0,43,3,1,41466829
2,1,42,0,1,56,3,1,40434508
0,4,36,1,0,45,2,1,42395195
7,2,38,1,1,50,5,2,53173602
21,2,43,0,0,51,4,1,74014732
27,5,59,0,2,21,1,1,100185495
28,3,56,1,2,44,3,3,100501953
7,5,37,1,2,21,3,3,57123080
10,4,29,0,2,20,1,0,50249551
8,5,38,1,2,55,1,3,70698199
4,1,38,1,1,31,2,1,34417564
13,4,47,1,2,28,4,2,69199586
27,2,34,1,2,55,3,3,86273836
29,3,38,0,2,47,5,3,101285315
2,4,59,0,2,57,2,1,54464481
20,4,38,0,0,52,2,3,87895221
4,1,35,0,2,41,5,3,39467604
4,3,27,0,2,44,5,1,44635054
18,2,56,0,1,37,5,3,79645663
26,4,35,1,0,25,1,2,91486985
13,4,29,0,1,37,3,0,59643678
25,1,36,1,2,35,1,3,75799410
29,5,48,1,1,34,3,2,103760966
3,2,34,1,1,27,1,3,39801196
24,3,52,0,2,32,4,0,86777676
12,4,56,1,0,26,3,1,67098352
9,4,27,0,0,36,2,0,50030688
24,2,26,1,1,51,3,3,84621148
17,5,43,1,2,41,3,0,77981401
7,4,44,0,1,32,3,0,56242242
7,2,46,1,1,42,4,1,53668653
6,1,55,1,1,48,1,3,53126377
7,5,47,1,2,41,2,0,59017347
13,3,26,1,2,20,1,0,51007821
18,4,47,0,0,48,1,1,81700807
28,2,41,1,2,24,5,2,86914806
5,1,27,1,1,54,4,3,47630886
0,3,27,0,1,29,5,2,34737993
22,2,39,1,0,38,4,2,75893954
14,2,25,1,2,56,1,1,51943585
0,3,38,1,1,26,1,1,35058766
24,1,35,1,0,54,4,3,78996712
16,1,35,0,0,32,1,2,57417998
0,5,34,1,1,29,1,0,37927510
14,4,28,0,1,21,2,2,59238292
22,3,36,1,2,25,5,1,73648509
1,3,40,1,0,27,5,0,41243135
13,3,56,1,1,55,5,0,66956701
20,1,38,0,0,44,3,1,68945665
7,4,56,1,2,59,2,0,64653828
7,5,40,1,1,26,5,2,65052446
18,2,41,0,2,42,5,1,74246947
6,2,57,0,0,38,2,3,49861349
18,3,56,0,2,41,1,1,78160854
5,4,53,0,2,32,5,3,58912780
5,1,45,1,0,40,1,3,37561330
2,4,38,1,2,20,5,1,47275178
6,4,28,1,0,38,4,1,48163116
18,1,22,1,1,52,3,3,59830343
7,3,56,0,0,23,5,3,57472512
9,4,53,1,0,22,4,0,59679077
19,2,57,1,1,46,2,1,76118991
14,1,34,1,0,54,4,1,59907133
14,5,27,1,1,47,2,0,70590714
28,3,35,0,1,25,5,1,83487699
0,1,58,1,0,25,2,0,25164797
19,5,36,1,2,42,4,0,83299128
29,5,25,1,2,52,3,1,99795039
6,4,37,0,1,35,1,2,53221878
26,4,49,0,2,43,1,3,95958223
3,4,37,1,2,24,3,1,42378000
28,1,25,1,0,32,1,2,74005230
5,1,47,1,1,31,5,0,34548290
24,3,49,0,1,24,5,2,91410403
0,4,53,1,0,56,4,1,56143364
28,5,23,1,2,50,4,1,94858544
4,2,52,1,1,47,2,2,47006501
26,3,24,0,2,47,4,1,82019189
22,1,29,1,1,49,5,3,75458234
0,3,45,1,1,37,4,2,48814245
29,3,36,0,1,46,1,0,86704179
3,3,52,0,1,54,2,2,57067214
21,3,30,1,2,45,2,2,72898168
1,2,23,0,2,58,5,2,43925589
9,4,29,1,2,37,4,2,57929479
4,5,28,0,2,52,1,0,49236422
26,3,37,0,0,44,4,0,86713753
9,3,56,1,1,50,3,0,61508848
0,3,51,1,1,56,4,2,46600588
21,4,31,1,1,21,5,3,85257870
5,1,59,0,0,52,4,3,51990521
12,1,39,1,2,58,2,0,54256089
14,2,26,1,1,51,1,3,59919902
3,1,50,1,2,37,5,3,44822156
12,3,55,1,2,36,3,3,68036029
23,3,44,1,0,53,1,3,83046454
19,3,26,0,0,58,1,3,73361418
23,2,51,1,2,26,2,1,76808108
14,3,27,1,1,54,2,0,58739986
28,1,25,0,1,49,2,2,81637175
7,4,50,1,0,31,5,3,65040888
4,4,44,1,0,54,4,1,54854589
28,5,27,1,0,30,1,2,92844181
14,1,53,1,0,23,4,1,59332034
3,3,39,1,0,44,4,3,51188210
11,4,36,0,0,51,2,3,65627916
12,1,53,0,0,39,4,3,56014564
1,4,30,0,1,50,1,3,50494379
26,3,58,1,0,23,1,2,93370032
18,4,31,0,0,57,3,2,78434055
18,5,41,1,1,20,5,1,76862108
3,5,27,1,1,22,4,0,42324452
3,4,24,1,2,56,5,3,56158236
25,1,32,0,0,41,5,1,72815989
10,1,38,0,0,36,5,1,49043157
26,1,53,0,0,33,5,1,83035618
4,4,25,1,0,54,1,3,55157509
19,1,25,0,2,32,4,3,67171245
10,3,38,1,1,54,3,1,63245998
29,5,40,0,1,21,5,3,105300173
9,3,26,0,0,32,3,1,52380330
7,1,53,1,0,35,1,2,44947434
5,3,43,1,0,37,1,3,48635560
5,1,27,0,2,26,2,2,37302789
7,4,56,0,2,55,5,0,65673724
22,3,43,0,1,49,2,3,80676645
14,4,22,1,0,26,3,0,64962264
25,4,41,1,0,34,4,1,85532911
13,2,43,0,0,59,2,3,67433966
10,1,32,0,0,38,1,3,43680929
11,5,34,1,2,56,5,3,75458832
25,1,24,0,1,21,3,0,65644994
12,5,30,1,1,32,1,0,59777346
7,1,33,1,2,59,4,1,50212612
29,4,44,1,0,50,5,2,103371792
17,3,35,1,1,35,4,2,69937878
24,3,54,1,1,25,4,0,83988592
0,2,39,1,2,47,5,3,45225171
14,5,30,0,0,51,5,2,76969829
7,5,44,1,1,29,4,2,67005246
27,5,31,1,0,37,3,0,91391200
10,4,40,0,1,23,5,1,60314886
11,5,26,1,2,28,1,0,57080729
11,3,44,0,0,26,2,0,55490990
3,4,51,1,2,27,3,3,54434965
15,1,46,0,1,26,5,0,53115229
3,5,49,0,2,59,5,3,70042762
4,5,55,1,2,22,3,1,61735405
23,1,46,1,2,36,2,3,78011930
4,5,31,1,1,21,4,1,56425016
7,1,35,1,0,34,1,1,35790632
9,4,51,0,2,48,5,1,72821896
16,3,46,0,0,41,2,0,65889675
27,1,35,0,1,23,1,3,73207913
25,2,56,1,0,25,3,2,82946181
8,1,55,0,2,57,5,0,55783057
21,5,31,1,2,45,4,1,88960961
18,4,56,1,2,30,3,2,81388851
28,4,32,0,2,45,5,0,93359122
13,1,32,1,2,36,2,2,50508368
7,3,42,0,2,43,1,1,50743183
8,2,42,1,1,47,1,2,51213979
21,4,43,0,1,54,5,2,88281268
10,5,28,1,1,50,3,1,67623559
22,5,38,0,0,32,4,2,91352521
0,3,23,0,0,54,2,0,38175336
13,4,33,1,1,35,5,2,69721211
4,1,39,1,0,34,2,3,39617079
20,5,32,0,0,37,1,0,75154272
25,3,37,1,2,56,4,2,92632419
13,4,39,1,2,46,2,3,67573591
3,4,56,1,0,54,5,3,64360834
21,4,47,0,0,54,4,3,89883721
22,4,37,0,1,47,3,2,82337963
24,4,27,1,0,58,5,1,88928054
0,5,33,1,2,57,2,3,56285012
21,3,34,0,0,28,4,1,74544681
22,4,25,1,1,31,5,0,78566440
18,2,23,0,2,34,4,1,58938042
7,2,47,1,2,40,4,1,54616311
14,3,48,1,2,54,4,1,75971740
20,1,48,1,2,52,2,1,70359011
14,1,36,0,0,38,5,1,56357662
8,1,29,0,1,42,1,0,34265040
20,2,28,0,0,32,1,0,59180232
8,1,33,0,0,20,2,1,40466076
9,5,34,1,2,48,2,1,69270573
19,4,38,1,1,43,4,3,80045377
24,2,38,0,2,35,5,0,72205109
20,3,57,1,0,44,5,2,88666127
25,3,42,1,0,42,3,0,79147215
8,4,29,0,2,47,3,2,64256659
2,2,26,1,0,35,1,3,37890282
19,1,47,1,0,57,3,1,66889678
24,1,37,0,2,30,3,3,71588421
25,5,57,1,0,22,1,1,97997973
10,5,49,1,1,34,1,0,61021291
5,1,50,1,2,20,3,1,33298510
1,3,33,0,1,26,5,2,40540475
6,3,58,0,0,20,3,2,49299830
17,5,51,1,0,51,4,3,92171223
26,4,44,1,2,28,4,0,87506375
1,1,37,1,0,48,4,2,31819021
26,5,35,0,2,45,2,3,99669746
16,5,31,0,2,42,4,0,71652199
10,1,28,0,2,48,5,0,43588897
26,1,58,1,2,57,2,3,92363576
11,3,50,1,2,52,2,2,71129317
26,4,24,1,1,26,4,2,89357506
18,4,36,1,2,31,3,3,78561058
21,1,57,1,1,50,1,2,78097458
23,2,40,0,0,51,3,3,79195164
24,5,34,1,2,39,3,2,88842313
6,5,42,1,0,36,2,2,64139339
19,1,58,1,2,55,2,3,79411309
5,2,48,0,1,22,2,3,46160593
20,3,50,1,1,20,5,2,76670111
23,1,41,0,1,46,5,3,76377512
0,1,46,0,0,59,1,2,34552430
16,5,27,0,2,52,2,1,74041310
28,1,57,0,0,39,4,0,84670777
10,1,23,0,1,33,2,0,36366966
21,1,43,1,0,55,5,2,72607273
25,5,53,1,1,24,2,0,96370202
27,3,37,0,1,42,5,2,92749396
17,3,39,0,1,34,2,3,76400940
20,1,26,0,2,25,4,1,56981752
16,5,57,1,2,52,1,0,77435513
6,3,51,1,1,38,4,0,56199923
16,3,40,0,0,32,5,3,72282564
19,3,44,1,0,48,3,1,76738707
8,5,55,1,2,25,4,1,67754572
16,5,34,0,1,34,2,1,73687239
19,1,50,0,0,35,1,3,63868975
21,4,57,1,1,43,2,0,89831479
21,3,43,1,0,42,2,0,77109536
27,4,57,1,2,29,4,1,92632053
28,5,30,0,1,36,1,3,99032561
7,5,40,0,1,49,3,3,67554087
16,5,59,0,0,29,2,3,86468950
6,4,27,1,0,38,1,1,50227961
0,5,36,1,0,48,3,3,49410728
12,1,41,0,1,21,2,1,47186588
29,5,30,1,2,55,1,1,101313223
22,2,53,0,2,38,4,1,76415574
18,4,25,1,0,26,2,2,69019798
26,2,39,0,2,45,2,1,85927575
23,5,26,1,0,34,1,3,91577615
18,1,41,1,2,57,2,2,64939593
29,3,44,0,1,22,3,0,87849144
29,5,32,0,0,57,2,0,104708133
28,1,58,0,2,35,5,3,91268757
16,4,43,0,1,21,3,3,70961999
12,2,25,0,2,50,1,3,53895317
28,2,50,1,1,47,3,3,92991533
29,2,55,0,1,26,5,2,91834147
15,4,34,0,2,49,5,3,81451587
7,1,30,0,2,26,2,1,36866909
18,4,52,0,1,55,2,0,82375361
17,2,28,0,1,48,4,3,73114154
0,5,25,1,1,43,3,1,43260957
13,3,40,0,0,58,4,3,71314083
18,4,51,0,1,23,5,1,75821876
14,4,52,0,0,48,2,2,76004156
17,1,56,1,1,24,2,0,60074900
1,1,42,1,0,48,2,0,34752212
21,4,52,0,1,49,1,2,88126528
27,2,40,0,1,48,5,1,82596605
16,3,52,1,1,45,2,3,76760985
17,1,53,1,2,38,5,1,68564567
29,2,23,1,2,45,2,0,79893480
5,5,31,0,1,56,3,2,60237644
18,1,23,0,0,46,5,2,64498673
3,2,23,1,0,49,4,1,41034968
0,2,45,0,1,49,1,1,39406954
7,3,38,1,2,22,4,2,51119704
28,3,53,1,0,26,5,0,94793081
22,5,37,1,2,28,2,3,93179100
6,2,37,0,0,32,5,3,48569865
2,2,52,1,1,34,1,1,38836773
9,3,45,1,2,24,5,2,58279074
9,1,22,0,0,48,2,2,46845233
18,1,32,1,1,54,4,2,61790055
13,4,42,0,1,46,3,0,73023687
1,3,25,1,1,46,4,1,43433863
27,4,28,0,2,27,2,1,88606009
0,3,47,1,2,51,2,1,44279212
22,5,33,1,1,39,1,0,82188439
22,2,52,1,2,29,5,1,79110044
27,5,38,1,0,32,5,3,106527593
17,3,54,1,1,48,4,1,78675589
6,2,32,0,1,54,3,1,45870660
28,1,49,0,2,27,3,1,82445889
7,1,53,1,1,48,1,0,42641450
0,4,22,1,0,50,2,3,45989576
24,3,49,1,2,49,1,3,90618949
22,3,28,0,2,41,5,2,78011047
2,1,23,0,1,40,2,2,29988392
23,5,45,1,1,31,1,3,89336236
22,2,25,0,1,30,4,1,67904178
26,5,40,1,2,21,5,1,99935201
28,5,47,1,1,21,3,1,103458559
7,1,32,1,0,53,1,0,38220047
21,1,32,0,1,22,5,1,62157027
24,1,24,1,1,35,5,0,69714257
14,4,33,1,2,23,3,3,71212129
4,5,24,1,1,42,3,1,49801754
2,3,48,0,2,39,3,1,43553082
18,2,23,0,1,44,1,2,61699696
0,4,37,0,0,49,3,3,48377150
27,3,23,1,0,37,4,1,87382936
14,5,51,0,2,30,5,0,73466845
7,1,41,1,2,48,3,3,45199219
1,5,59,0,1,36,5,2,56986916
2,2,49,1,1,45,2,3,45829222
23,4,46,0,0,42,2,0,89049809
13,4,53,1,1,39,3,2,75726871
23,2,31,0,0,21,5,0,71404266
13,3,54,0,2,43,2,3,68213279
10,3,34,0,1,50,3,2,64323801
15,4,58,1,2,46,5,0,76598811
3,4,37,0,1,21,3,3,53571729
19,1,43,0,0,33,5,0,64043233
4,3,41,0,2,23,2,1,42019059
21,2,48,0,2,32,3,3,80632835
20,3,37,1,1,55,2,2,79737759
13,1,55,0,2,54,3,2,57870316
22,4,53,1,0,27,1,1,79763996
15,4,47,1,2,21,2,0,71883333
17,1,46,1,2,25,2,0,56414236
6,2,23,1,1,50,4,2,49501721
9,4,33,0,2,29,2,0,53415363
6,5,30,1,1,40,5,3,61852033
0,4,33,1,1,29,3,3,48034206
22,5,47,1,2,42,1,2,92183496
20,1,30,1,0,22,5,3,69077649
18,1,31,0,1,51,5,2,67894096
15,4,53,0,2,39,5,0,74471655
28,3,55,1,1,29,5,0,96988889
18,5,41,1,0,48,1,0,78556846
3,2,23,1,0,53,4,1,39462344
28,4,22,0,1,56,2,2,93073680
27,2,57,0,0,39,5,3,94549025
17,4,45,0,2,27,2,0,69153381
1,3,48,0,2,26,2,1,42446492
0,3,23,0,1,25,5,3,40532959
14,3,52,1,0,30,4,3,69202321
4,3,35,0,2,37,2,3,52029343
19,1,23,0,2,48,3,0,59483881
10,1,50,1,2,44,2,3,57006757
9,5,36,0,1,40,5,2,72131322
1,2,33,0,1,22,1,1,26903627
2,4,58,0,2,37,2,3,56596816
22,4,49,1,2,43,4,3,87959834
22,1,41,0,0,57,3,2,76149228
11,4,45,1,0,29,3,3,71207315
19,1,42,1,0,46,1,0,64213499
4,5,31,0,1,31,1,0,50448655
4,2,35,0,2,26,2,0,36603529
5,5,58,0,1,36,5,3,72830362
29,3,39,0,2,20,4,1,92162900
8,3,45,1,0,45,3,1,57595265
1,3,35,0,0,34,1,3,45689334
20,5,55,1,0,52,4,1,98243686
11,4,33,1,0,56,5,1,65784453
2,2,43,1,2,50,3,3,50261952
19,3,27,1,0,54,3,0,68368299
25,3,57,1,2,20,5,3,88242252
21,3,57,0,2,27,3,0,79070827
11,2,43,1,1,31,5,0,52475314
23,3,35,1,0,38,3,1,75393320
16,2,37,0,0,44,2,1,65622505
9,3,57,0,1,51,5,0,62287152
29,5,46,1,2,31,4,0,98770289
23,5,53,1,0,32,2,1,89933355
26,2,54,0,2,47,4,2,95354270
13,5,57,1,1,20,3,0,68999163
22,2,41,0,2,25,4,0,75026275
16,5,39,0,0,27,2,0,75125206
17,5,59,1,2,23,5,1,89616544
18,2,24,0,2,24,1,3,60373369
16,4,44,1,0,44,4,0,74626616
13,5,53,1,0,41,1,0,71106894
8,3,37,1,2,47,4,0,57855216
7,4,26,0,2,58,4,3,61467749
1,2,25,1,1,42,5,3,36003275
12,4,42,0,0,23,3,0,59023712
24,1,35,1,2,23,2,0,70000219
6,1,52,1,0,40,2,2,42388052
8,5,35,0,1,56,2,3,66509753
21,5,27,1,2,21,3,2,77737677
21,3,33,1,2,26,1,0,72571684
10,4,37,0,2,35,2,0,55463488
13,1,38,0,0,36,1,0,43802560
3,5,44,0,1,39,3,0,54235620
25,4,35,1,0,42,3,1,84269625
25,5,28,0,2,53,5,1,92203880
28,5,53,0,1,30,2,1,99634066
12,1,36,1,2,53,5,2,57924555
1,1,38,0,2,52,2,3,31872196
22,5,55,1,0,45,3,0,89954529
4,2,26,1,2,21,3,3,38129009
10,5,48,0,1,42,4,1,66957044
5,5,44,1,2,41,4,0,60271881
17,3,35,0,2,53,3,0,74084171
20,3,36,0,0,34,3,2,74727617
9,3,54,0,1,29,1,3,63166937
3,2,52,0,0,34,1,2,40967758
8,2,56,1,2,48,5,1,62755117
5,5,38,1,0,42,4,3,60806456
1,3,49,0,0,36,4,1,46732457
16,2,40,0,0,28,3,2,61635559
4,1,44,1,0,55,3,2,44768856
24,5,53,0,2,28,5,0,91775598
5,4,34,1,2,35,4,3,59535948
25,5,41,0,1,55,1,3,99986740
11,4,56,1,0,52,2,0,67040149
22,3,26,1,0,50,5,3,84021548
20,4,30,1,1,25,2,1,74162865
9,3,50,0,0,29,1,1,59785237
21,1,27,0,1,35,1,2,66544680
20,4,46,0,2,23,2,1,80495593
26,5,52,0,1,41,5,3,101775748
24,3,43,0,0,32,2,0,83242392
5,5,23,1,1,35,5,2,56304421
26,2,26,1,2,48,5,0,75255677
7,3,48,1,0,25,3,2,51421791
1,4,46,1,2,45,4,2,51143687
11,3,29,1,2,30,4,0,55324695
12,5,22,1,1,43,1,1,63608102
24,1,41,1,2,48,3,1,73806196
20,3,44,0,0,22,4,1,75686289
6,4,53,1,2,29,5,1,63135725
9,2,32,0,2,20,5,0,43642996
12,1,45,1,1,45,2,3,59417994
16,2,32,1,2,31,2,2,56009759
25,3,50,0,1,33,5,0,88041804
20,5,47,1,1,44,5,1,89386822
27,5,37,0,0,27,2,1,97496357
29,4,56,1,0,23,4,0,95036746
25,5,41,0,0,47,1,2,101509555
13,1,24,1,0,26,2,0,42408903
1,5,22,0,1,29,4,0,38840546
27,4,22,0,2,55,4,3,100650365
21,3,38,1,0,21,4,0,74784930
10,3,23,1,0,45,3,3,59681076
0,5,50,0,0,33,3,2,55164462
18,2,41,1,2,35,4,0,66515185
20,3,27,0,0,36,5,0,67623659
3,5,29,1,2,41,3,1,52506275
18,4,50,0,1,23,2,0,71463448
25,5,54,1,1,38,3,1,98372763
28,3,24,0,1,21,5,1,82185162
20,4,56,1,2,58,1,1,91812812
10,5,26,0,0,28,3,2,60738299
7,1,48,0,0,38,4,3,53387096
10,4,33,1,0,35,4,1,63677382
3,1,41,1,0,44,4,0,31703913
16,2,41,0,0,37,1,0,63494456
26,4,30,0,2,42,5,1,91802459
6,1,25,0,1,40,2,1,38697905
7,3,40,0,0,30,5,0,48612417
2,3,59,1,1,58,1,1,52380962
21,2,48,0,2,23,4,3,73830829
1,4,34,0,2,44,5,3,48038831
22,4,34,0,0,51,2,2,89999890
14,4,43,1,2,49,4,1,76923365
23,2,49,0,1,45,2,2,82604514
21,4,43,1,0,55,3,2,91949152
21,3,40,1,0,53,2,2,78242653
4,1,29,1,1,28,4,1,36482590
23,3,29,1,0,31,3,2,79425759
0,3,47,1,0,21,4,3,38719794
25,1,47,1,1,57,4,2,81191142
3,3,44,1,0,24,3,3,48448689
14,2,34,0,0,24,2,3,57852328
19,1,49,0,1,41,1,1,60620436
18,3,30,1,2,24,1,2,63291526
2,5,41,0,1,23,1,1,49132392
19,3,40,0,0,28,1,3,72596568
10,2,33,1,1,48,5,0,56031120
16,4,36,0,0,41,1,2,76179595
29,3,52,1,0,46,3,1,95036753
26,4,35,0,1,29,1,0,85763054
12,5,32,1,0,35,4,2,74458687
10,3,47,1,2,29,1,2,53600662
1,1,48,0,0,25,2,1,32756968
8,4,32,0,1,24,3,0,47463399
25,5,59,1,2,25,3,1,97404250
1,1,55,1,2,44,5,2,41652451
20,1,40,1,0,23,4,2,61876828
8,1,27,0,1,59,3,3,47464513
8,1,59,0,0,51,2,2,50245853
7,3,49,0,0,54,1,2,55776853
16,3,22,0,1,29,3,0,54790246
0,3,56,1,1,53,2,0,41227346
24,5,29,1,0,55,1,3,96260364
28,5,28,1,2,25,5,3,101042003
10,5,32,1,0,35,3,3,63917332
7,2,25,0,2,38,3,1,42116728
9,5,46,1,0,53,2,1,73824289
24,3,33,1,1,44,4,3,84555687
6,3,47,0,2,50,5,1,60751986
2,2,59,0,1,36,4,2,47555720
2,2,33,1,1,49,3,3,42220347
17,5,58,0,1,58,4,3,90897983
4,4,45,1,1,50,1,1,48967587
11,2,37,0,1,38,5,0,53611006
11,1,34,0,0,54,4,3,54601167
18,3,46,1,2,48,1,1,73877554
29,1,25,0,0,20,2,1,73374441
5,3,32,1,0,23,4,0,38392549
1,3,53,0,0,47,5,3,52493135
11,2,28,0,1,37,1,0,49958409
18,2,32,0,0,45,4,2,72638886
4,1,49,0,2,59,2,0,44237187
11,3,44,0,0,38,4,0,59578674
26,1,44,1,1,25,1,1,71403154
26,4,49,0,2,20,4,0,88991839
16,1,47,1,2,27,5,2,61004187
28,5,46,0,2,52,3,1,105287826
16,1,50,1,2,40,1,2,61895755
9,5,40,0,0,43,1,0,62908364
24,5,54,1,1,44,1,2,95145112
22,5,57,1,2,38,1,2,97541891
16,4,35,0,2,48,4,0,77563576
14,1,35,0,1,29,5,0,48839326
11,1,56,0,0,31,2,1,55278761
29,4,51,1,2,52,5,1,107456484
15,3,49,1,0,26,1,3,70439344
23,2,38,0,0,36,4,1,80553109
18,1,24,0,0,29,4,0,53604262
7,2,37,1,0,50,1,2,51179801
20,4,51,1,2,25,4,2,80435736
16,3,50,0,2,36,1,1,72126401
22,3,36,1,0,56,5,1,85319160
4,3,46,0,0,37,3,0,43265501
21,4,59,0,1,45,4,2,89735300
15,5,59,0,1,35,1,3,87974966
5,5,44,1,1,27,1,3,60851565
7,2,46,1,2,43,4,1,46041410
24,5,28,1,1,32,2,3,87803137
17,5,43,1,2,48,1,0,83369988
24,3,38,0,2,51,4,3,89222747
11,3,39,1,2,43,1,1,60825792
14,2,31,0,2,35,2,0,55369070
26,1,31,0,1,30,3,2,78968949
25,2,28,0,0,51,2,0,79828136
8,2,59,1,0,25,5,1,57150970
12,4,48,0,0,54,4,1,72958198
25,4,54,0,1,52,2,3,99233572
14,2,22,1,0,37,3,3,59272479
9,2,55,0,1,56,1,2,56444955
15,2,25,1,1,32,4,2,58942028
6,5,38,1,1,29,2,1,60349650
16,4,25,1,0,56,3,1,72031867
22,2,47,0,0,45,2,1,77608947
25,3,25,1,0,36,5,2,87850360
20,3,22,1,2,20,4,1,66676372
21,5,28,1,1,44,1,2,86133401
25,5,51,1,2,53,3,1,105828522
6,1,30,0,1,58,2,0,40078134
13,1,56,1,0,29,4,0,53307408
14,1,29,0,1,39,2,1,46589297
20,5,45,1,1,26,4,0,79257715
6,5,40,0,2,35,5,2,68756517
8,5,57,1,1,56,2,3,76626635
18,3,48,0,0,48,5,0,74413433
15,5,53,1,1,31,3,3,79952978
7,3,35,0,1,36,5,0,50533295
17,1,39,0,1,39,4,2,67501594
26,1,49,0,2,45,3,0,82109575
22,1,50,1,1,38,2,0,70379650
28,2,37,0,1,31,2,1,85199557
17,2,56,0,2,40,4,3,71575471
29,4,52,0,2,53,1,3,106980915
19,4,25,0,2,26,1,2,72918455
6,4,58,1,2,54,2,2,61779182
2,2,38,0,0,34,4,3,42870893
17,2,47,0,0,20,1,1,61595201
26,4,25,0,1,45,5,1,87394035
9,4,51,1,0,54,2,3,69967217
6,5,51,0,1,44,5,0,67878304
16,4,43,0,0,34,4,3,80993288
13,5,32,0,2,41,5,0,73697674
23,3,23,0,2,25,1,3,75673402
2,2,33,1,0,34,1,0,29107979
11,4,51,0,0,43,3,1,69193570
27,2,57,0,1,40,2,3,87259421
12,2,39,1,1,26,4,2,52696886
1,2,47,1,1,48,2,0,35693973
2,3,28,1,2,51,5,1,40581194
4,1,22,0,2,51,4,2,34324962
10,4,47,1,2,24,4,1,63339619
7,1,44,0,2,23,1,0,37429050
25,1,47,1,1,41,5,3,85705106
22,1,27,0,2,37,1,1,63776448
22,2,27,1,2,54,1,3,80221068
11,5,29,0,2,36,3,3,70498164
6,2,45,1,2,43,1,1,41488162
14,2,43,0,0,21,2,1,54543389
23,1,40,0,1,32,4,1,73771265
16,2,58,0,1,34,1,3,67812194
3,1,39,0,2,24,2,2,32793864
28,5,52,0,0,22,5,0,101336311
21,4,58,0,1,56,4,2,97447660
24,1,51,0,1,56,5,3,81115474
12,5,54,0,2,56,2,1,80953210
17,4,31,1,2,22,5,1,74391569
0,3,58,0,1,54,5,0,46403028
15,1,33,0,1,42,5,0,54556219
12,1,51,1,0,47,1,2,60876700
9,3,48,0,1,49,1,2,58096587
11,3,30,1,1,37,1,0,49282003
29,1,42,0,2,55,4,3,94255143
1,3,33,1,1,52,2,2,47377755
22,2,50,1,2,45,1,1,81517877
2,4,54,0,1,59,5,1,57689254
9,4,36,1,1,36,5,3,61379568
1,4,23,0,1,59,5,0,46179226
29,2,39,0,0,26,5,2,91663561
26,3,24,0,2,27,3,1,80229567
22,5,28,0,0,50,4,0,84541781
12,3,39,1,1,31,2,2,58970150
12,1,59,0,0,50,2,3,58986150
17,4,58,1,2,38,1,1,80838599
2,3,54,1,1,29,3,3,52630013
26,5,52,0,0,58,2,3,106946649
6,1,32,0,0,31,4,3,42511319
13,2,25,0,2,39,5,2,58987399
19,2,39,0,0,56,1,3,78413007
28,5,25,1,2,26,4,2,96174251
29,1,55,0,1,33,2,2,90789326
16,4,50,1,1,30,3,3,81529333
28,3,45,0,0,26,1,3,91224360
29,1,43,0,1,48,2,0,80440079
20,2,23,0,1,29,1,1,58403854
11,5,27,0,0,48,2,0,65017271
24,5,46,1,1,28,5,1,90928323
15,3,42,1,0,55,3,1,66750675
23,5,37,0,2,29,5,0,91144286
11,5,52,1,2,38,2,0,73126991
14,1,35,1,2,50,4,1,53722601
24,4,49,0,0,36,5,1,90470116
9,3,53,0,0,28,4,1,62925354
29,1,49,1,1,52,2,2,87671100
24,4,30,1,1,53,3,1,86824389
6,1,43,1,1,43,4,3,44731791
19,1,53,1,1,28,2,3,66160686
4,5,26,0,1,26,4,3,57391611
